Workbook

Sheet Sheet1
A3: Row Labels | B3: Distinct Count of user_id
A4: details_filled | B4: 96
A5: email_verified | B5: 52
A6: purchase_completed | B6: 44
A7: signup_started | B7: 150
A8: visited_site | B8: 200
A9: Grand Total | B9: 200

Sheet Sheet2
A1: Stage | B1: Unique Users | C1: Conversion Rate | D1: Users Lost | E1: Drop off Rate | G1: Biggest Drop off Stage | I1: Drop off Rate
A2: visited_site | B2: =GETPIVOTDATA("[Measures].[Distinct Count of user_id]",Sheet1!$A$3) -> 200 | C2: 1 | D2: 0 | E2: 0 | G2: =INDEX(A2:A6,MATCH(MAX(E2:E6),E2:E6,0)) -> email_verified | I2: =MAX(E2:E6) -> 0.45833333
A3: signup_started | B3: =GETPIVOTDATA("[Measures].[Distinct Count of user_id]",Sheet1!$A$3,"[Table1].[step]","[Table1].[step].&[signup_started]") -> 150 | C3: =B3/B2 -> 0.75 | D3: =B2-B3 -> 50 | E3: =D3/B2 -> 0.25
A4: details_filled | B4: =GETPIVOTDATA("[Measures].[Distinct Count of user_id]",Sheet1!$A$3,"[Table1].[step]","[Table1].[step].&[details_filled]") -> 96 | C4: =B4/B3 -> 0.64 | D4: =B3-B4 -> 54 | E4: =D4/B3 -> 0.36 | G4: Key Insight
A5: email_verified | B5: =GETPIVOTDATA("[Measures].[Distinct Count of user_id]",Sheet1!$A$3,"[Table1].[step]","[Table1].[step].&[email_verified]") -> 52 | C5: =B5/B4 -> 0.54166667 | D5: =B4-B5 -> 44 | E5: =D5/B4 -> 0.45833333 | G5: ="Biggest funnel leak: Details Filled -> Email Verified ("&TEXT(I2,"0.00%")&" drop-off)" -> Biggest funnel leak: Details Filled -> Email Verified (45.83% drop-off)
A6: purchase_completed | B6: =GETPIVOTDATA("[Measures].[Distinct Count of user_id]",Sheet1!$A$3,"[Table1].[step]","[Table1].[step].&[purchase_completed]") -> 44 | C6: =B6/B5 -> 0.84615385 | D6: =B5-B6 -> 8 | E6: =D6/B5 -> 0.15384615

Sheet Sheet3
A1: User ID | B1: Visited Site | C1: Signup Started | D1: Details Filled | E1: email_verified | F1: purchase_completed | G1: Visit -> Signup | H1: Signup -> Details | I1: Details -> Email | J1: Email ->Purchase | L1: Transition | M1: Average Time | N1: Valid Users
A2: U001 | B2: =IF(COUNTIFS(funnel_events_sample!$A$2:$A$543,$A2,funnel_events_sample!$B$2:$B$543,"visited_site")=0,"",_xlfn.MINIFS(funnel_events_sample!$C$2:$C$543,funnel_events_sample!$A$2:$A$543,$A2,funnel_events_sample!$B$2:$B$543,"visited_site")) -> 46223.163 | C2: =IF(COUNTIFS(funnel_events_sample!$A$2:$A$543,$A2,funnel_events_sample!$B$2:$B$543,"signup_started")=0,"",_xlfn.MINIFS(funnel_events_sample!$C$2:$C$543,funnel_events_sample!$A$2:$A$543,$A2,funnel_events_sample!$B$2:$B$543,"signup_started")) -> 46223.156 | D2: =IF(COUNTIFS(funnel_events_sample!$A$2:$A$543,$A2,funnel_events_sample!$B$2:$B$543,"details_filled")=0,"",_xlfn.MINIFS(funnel_events_sample!$C$2:$C$543,funnel_events_sample!$A$2:$A$543,$A2,funnel_events_sample!$B$2:$B$543,"details_filled")) -> 46223.174 | E2: =IF(COUNTIFS(funnel_events_sample!$A$2:$A$543,$A2,funnel_events_sample!$B$2:$B$543,"email_verified")=0,"",_xlfn.MINIFS(funnel_events_sample!$C$2:$C$543,funnel_events_sample!$A$2:$A$543,$A2,funnel_events_sample!$B$2:$B$543,"email_verified")) | F2: =IF(COUNTIFS(funnel_events_sample!$A$2:$A$543,$A2,funnel_events_sample!$B$2:$B$543,"purchase_completed")=0,"",_xlfn.MINIFS(funnel_events_sample!$C$2:$C$543,funnel_events_sample!$A$2:$A$543,$A2,funnel_events_sample!$B$2:$B$543,"purchase_completed")) | G2: =IF(OR(B2="",C2="",C2<B2),"",C2-B2) | H2: =IF(OR(C2="",D2="",D2<C2),"",D2-C2) -> 0.017361111 | I2: =IF(OR(D2="",E2="",E2<D2),"",E2-D2) | J2: =IF(OR(E2="",F2="",F2<E2),"",F2-E2) | L2: Visit -> Signup | M2: =IFERROR(AVERAGE(G2:G201),"") -> 0.01468414 | N2: =COUNT(G2:G201) -> 124
A3: U002 | B3: =IF(COUNTIFS(funnel_events_sample!$A$2:$A$543,$A3,funnel_events_sample!$B$2:$B$543,"visited_site")=0,"",_xlfn.MINIFS(funnel_events_sample!$C$2:$C$543,funnel_events_sample!$A$2:$A$543,$A3,funnel_events_sample!$B$2:$B$543,"visited_site")) -> 46223.165 | C3: =IF(COUNTIFS(funnel_events_sample!$A$2:$A$543,$A3,funnel_events_sample!$B$2:$B$543,"signup_started")=0,"",_xlfn.MINIFS(funnel_events_sample!$C$2:$C$543,funnel_events_sample!$A$2:$A$543,$A3,funnel_events_sample!$B$2:$B$543,"signup_started")) -> 46223.167 | D3: =IF(COUNTIFS(funnel_events_sample!$A$2:$A$543,$A3,funnel_events_sample!$B$2:$B$543,"details_filled")=0,"",_xlfn.MINIFS(funnel_events_sample!$C$2:$C$543,funnel_events_sample!$A$2:$A$543,$A3,funnel_events_sample!$B$2:$B$543,"details_filled")) -> 46223.167 | E3: =IF(COUNTIFS(funnel_events_sample!$A$2:$A$543,$A3,funnel_events_sample!$B$2:$B$543,"email_verified")=0,"",_xlfn.MINIFS(funnel_events_sample!$C$2:$C$543,funnel_events_sample!$A$2:$A$543,$A3,funnel_events_sample!$B$2:$B$543,"email_verified")) | F3: =IF(COUNTIFS(funnel_events_sample!$A$2:$A$543,$A3,funnel_events_sample!$B$2:$B$543,"purchase_completed")=0,"",_xlfn.MINIFS(funnel_events_sample!$C$2:$C$543,funnel_events_sample!$A$2:$A$543,$A3,funnel_events_sample!$B$2:$B$543,"purchase_completed")) | G3: =IF(OR(B3="",C3="",C3<B3),"",C3-B3) -> 0.0027777778 | H3: =IF(OR(C3="",D3="",D3<C3),"",D3-C3) | I3: =IF(OR(D3="",E3="",E3<D3),"",E3-D3) | J3: =IF(OR(E3="",F3="",F3<E3),"",F3-E3) | L3: Signup -> Details | M3: =IFERROR(AVERAGE(H2:H201),"") -> 0.010963805 | N3: =COUNT(H2:H201) -> 33
A4: U003 | B4: =IF(COUNTIFS(funnel_events_sample!$A$2:$A$543,$A4,funnel_events_sample!$B$2:$B$543,"visited_site")=0,"",_xlfn.MINIFS(funnel_events_sample!$C$2:$C$543,funnel_events_sample!$A$2:$A$543,$A4,funnel_events_sample!$B$2:$B$543,"visited_site")) -> 46223.171 | C4: =IF(COUNTIFS(funnel_events_sample!$A$2:$A$543,$A4,funnel_events_sample!$B$2:$B$543,"signup_started")=0,"",_xlfn.MINIFS(funnel_events_sample!$C$2:$C$543,funnel_events_sample!$A$2:$A$543,$A4,funnel_events_sample!$B$2:$B$543,"signup_started")) -> 46223.172 | D4: =IF(COUNTIFS(funnel_events_sample!$A$2:$A$543,$A4,funnel_events_sample!$B$2:$B$543,"details_filled")=0,"",_xlfn.MINIFS(funnel_events_sample!$C$2:$C$543,funnel_events_sample!$A$2:$A$543,$A4,funnel_events_sample!$B$2:$B$543,"details_filled")) -> 46223.179 | E4: =IF(COUNTIFS(funnel_events_sample!$A$2:$A$543,$A4,funnel_events_sample!$B$2:$B$543,"email_verified")=0,"",_xlfn.MINIFS(funnel_events_sample!$C$2:$C$543,funnel_events_sample!$A$2:$A$543,$A4,funnel_events_sample!$B$2:$B$543,"email_verified")) | F4: =IF(COUNTIFS(funnel_events_sample!$A$2:$A$543,$A4,funnel_events_sample!$B$2:$B$543,"purchase_completed")=0,"",_xlfn.MINIFS(funnel_events_sample!$C$2:$C$543,funnel_events_sample!$A$2:$A$543,$A4,funnel_events_sample!$B$2:$B$543,"purchase_completed")) | G4: =IF(OR(B4="",C4="",C4<B4),"",C4-B4) -> 0.00069444445 | H4: =IF(OR(C4="",D4="",D4<C4),"",D4-C4) -> 0.0076388889 | I4: =IF(OR(D4="",E4="",E4<D4),"",E4-D4) | J4: =IF(OR(E4="",F4="",F4<E4),"",F4-E4) | L4: Details -> Email | M4: =IFERROR(AVERAGE(I2:I201),"") | N4: =COUNT(I2:I201) -> 0
A5: U004 | B5: =IF(COUNTIFS(funnel_events_sample!$A$2:$A$543,$A5,funnel_events_sample!$B$2:$B$543,"visited_site")=0,"",_xlfn.MINIFS(funnel_events_sample!$C$2:$C$543,funnel_events_sample!$A$2:$A$543,$A5,funnel_events_sample!$B$2:$B$543,"visited_site")) -> 46223.167 | C5: =IF(COUNTIFS(funnel_events_sample!$A$2:$A$543,$A5,funnel_events_sample!$B$2:$B$543,"signup_started")=0,"",_xlfn.MINIFS(funnel_events_sample!$C$2:$C$543,funnel_events_sample!$A$2:$A$543,$A5,funnel_events_sample!$B$2:$B$543,"signup_started")) -> 46223.181 | D5: =IF(COUNTIFS(funnel_events_sample!$A$2:$A$543,$A5,funnel_events_sample!$B$2:$B$543,"details_filled")=0,"",_xlfn.MINIFS(funnel_events_sample!$C$2:$C$543,funnel_events_sample!$A$2:$A$543,$A5,funnel_events_sample!$B$2:$B$543,"details_filled")) -> 46223.181 | E5: =IF(COUNTIFS(funnel_events_sample!$A$2:$A$543,$A5,funnel_events_sample!$B$2:$B$543,"email_verified")=0,"",_xlfn.MINIFS(funnel_events_sample!$C$2:$C$543,funnel_events_sample!$A$2:$A$543,$A5,funnel_events_sample!$B$2:$B$543,"email_verified")) | F5: =IF(COUNTIFS(funnel_events_sample!$A$2:$A$543,$A5,funnel_events_sample!$B$2:$B$543,"purchase_completed")=0,"",_xlfn.MINIFS(funnel_events_sample!$C$2:$C$543,funnel_events_sample!$A$2:$A$543,$A5,funnel_events_sample!$B$2:$B$543,"purchase_completed")) | G5: =IF(OR(B5="",C5="",C5<B5),"",C5-B5) -> 0.013888889 | H5: =IF(OR(C5="",D5="",D5<C5),"",D5-C5) -> 0 | I5: =IF(OR(D5="",E5="",E5<D5),"",E5-D5) | J5: =IF(OR(E5="",F5="",F5<E5),"",F5-E5) | L5: Email ->Purchase | M5: =IFERROR(AVERAGE(J2:J201),"") | N5: =COUNT(J2:J201) -> 0
A6: U005 | B6: =IF(COUNTIFS(funnel_events_sample!$A$2:$A$543,$A6,funnel_events_sample!$B$2:$B$543,"visited_site")=0,"",_xlfn.MINIFS(funnel_events_sample!$C$2:$C$543,funnel_events_sample!$A$2:$A$543,$A6,funnel_events_sample!$B$2:$B$543,"visited_site")) -> 46223.165 | C6: =IF(COUNTIFS(funnel_events_sample!$A$2:$A$543,$A6,funnel_events_sample!$B$2:$B$543,"signup_started")=0,"",_xlfn.MINIFS(funnel_events_sample!$C$2:$C$543,funnel_events_sample!$A$2:$A$543,$A6,funnel_events_sample!$B$2:$B$543,"signup_started")) -> 46223.162 | D6: =IF(COUNTIFS(funnel_events_sample!$A$2:$A$543,$A6,funnel_events_sample!$B$2:$B$543,"details_filled")=0,"",_xlfn.MINIFS(funnel_events_sample!$C$2:$C$543,funnel_events_sample!$A$2:$A$543,$A6,funnel_events_sample!$B$2:$B$543,"details_filled")) -> 46223.174 | E6: =IF(COUNTIFS(funnel_events_sample!$A$2:$A$543,$A6,funnel_events_sample!$B$2:$B$543,"email_verified")=0,"",_xlfn.MINIFS(funnel_events_sample!$C$2:$C$543,funnel_events_sample!$A$2:$A$543,$A6,funnel_events_sample!$B$2:$B$543,"email_verified")) | F6: =IF(COUNTIFS(funnel_events_sample!$A$2:$A$543,$A6,funnel_events_sample!$B$2:$B$543,"purchase_completed")=0,"",_xlfn.MINIFS(funnel_events_sample!$C$2:$C$543,funnel_events_sample!$A$2:$A$543,$A6,funnel_events_sample!$B$2:$B$543,"purchase_completed")) | G6: =IF(OR(B6="",C6="",C6<B6),"",C6-B6) | H6: =IF(OR(C6="",D6="",D6<C6),"",D6-C6) -> 0.011805556 | I6: =IF(OR(D6="",E6="",E6<D6),"",E6-D6) | J6: =IF(OR(E6="",F6="",F6<E6),"",F6-E6)
A7: U006 | B7: =IF(COUNTIFS(funnel_events_sample!$A$2:$A$543,$A7,funnel_events_sample!$B$2:$B$543,"visited_site")=0,"",_xlfn.MINIFS(funnel_events_sample!$C$2:$C$543,funnel_events_sample!$A$2:$A$543,$A7,funnel_events_sample!$B$2:$B$543,"visited_site")) -> 46223.169 | C7: =IF(COUNTIFS(funnel_events_sample!$A$2:$A$543,$A7,funnel_events_sample!$B$2:$B$543,"signup_started")=0,"",_xlfn.MINIFS(funnel_events_sample!$C$2:$C$543,funnel_events_sample!$A$2:$A$543,$A7,funnel_events_sample!$B$2:$B$543,"signup_started")) -> 46223.167 | D7: =IF(COUNTIFS(funnel_events_sample!$A$2:$A$543,$A7,funnel_events_sample!$B$2:$B$543,"details_filled")=0,"",_xlfn.MINIFS(funnel_events_sample!$C$2:$C$543,funnel_events_sample!$A$2:$A$543,$A7,funnel_events_sample!$B$2:$B$543,"details_filled")) -> 46223.176 | E7: =IF(COUNTIFS(funnel_events_sample!$A$2:$A$543,$A7,funnel_events_sample!$B$2:$B$543,"email_verified")=0,"",_xlfn.MINIFS(funnel_events_sample!$C$2:$C$543,funnel_events_sample!$A$2:$A$543,$A7,funnel_events_sample!$B$2:$B$543,"email_verified")) | F7: =IF(COUNTIFS(funnel_events_sample!$A$2:$A$543,$A7,funnel_events_sample!$B$2:$B$543,"purchase_completed")=0,"",_xlfn.MINIFS(funnel_events_sample!$C$2:$C$543,funnel_events_sample!$A$2:$A$543,$A7,funnel_events_sample!$B$2:$B$543,"purchase_completed")) | G7: =IF(OR(B7="",C7="",C7<B7),"",C7-B7) | H7: =IF(OR(C7="",D7="",D7<C7),"",D7-C7) -> 0.0097222222 | I7: =IF(OR(D7="",E7="",E7<D7),"",E7-D7) | J7: =IF(OR(E7="",F7="",F7<E7),"",F7-E7)
A8: U007 | B8: =IF(COUNTIFS(funnel_events_sample!$A$2:$A$543,$A8,funnel_events_sample!$B$2:$B$543,"visited_site")=0,"",_xlfn.MINIFS(funnel_events_sample!$C$2:$C$543,funnel_events_sample!$A$2:$A$543,$A8,funnel_events_sample!$B$2:$B$543,"visited_site")) -> 46223.157 | C8: =IF(COUNTIFS(funnel_events_sample!$A$2:$A$543,$A8,funnel_events_sample!$B$2:$B$543,"signup_started")=0,"",_xlfn.MINIFS(funnel_events_sample!$C$2:$C$543,funnel_events_sample!$A$2:$A$543,$A8,funnel_events_sample!$B$2:$B$543,"signup_started")) -> 46223.176 | D8: =IF(COUNTIFS(funnel_events_sample!$A$2:$A$543,$A8,funnel_events_sample!$B$2:$B$543,"details_filled")=0,"",_xlfn.MINIFS(funnel_events_sample!$C$2:$C$543,funnel_events_sample!$A$2:$A$543,$A8,funnel_events_sample!$B$2:$B$543,"details_filled")) -> 46223.192 | E8: =IF(COUNTIFS(funnel_events_sample!$A$2:$A$543,$A8,funnel_events_sample!$B$2:$B$543,"email_verified")=0,"",_xlfn.MINIFS(funnel_events_sample!$C$2:$C$543,funnel_events_sample!$A$2:$A$543,$A8,funnel_events_sample!$B$2:$B$543,"email_verified")) | F8: =IF(COUNTIFS(funnel_events_sample!$A$2:$A$543,$A8,funnel_events_sample!$B$2:$B$543,"purchase_completed")=0,"",_xlfn.MINIFS(funnel_events_sample!$C$2:$C$543,funnel_events_sample!$A$2:$A$543,$A8,funnel_events_sample!$B$2:$B$543,"purchase_completed")) | G8: =IF(OR(B8="",C8="",C8<B8),"",C8-B8) -> 0.01875 | H8: =IF(OR(C8="",D8="",D8<C8),"",D8-C8) -> 0.015972222 | I8: =IF(OR(D8="",E8="",E8<D8),"",E8-D8) | J8: =IF(OR(E8="",F8="",F8<E8),"",F8-E8)
A9: U008 | B9: =IF(COUNTIFS(funnel_events_sample!$A$2:$A$543,$A9,funnel_events_sample!$B$2:$B$543,"visited_site")=0,"",_xlfn.MINIFS(funnel_events_sample!$C$2:$C$543,funnel_events_sample!$A$2:$A$543,$A9,funnel_events_sample!$B$2:$B$543,"visited_site")) -> 46223.154 | C9: =IF(COUNTIFS(funnel_events_sample!$A$2:$A$543,$A9,funnel_events_sample!$B$2:$B$543,"signup_started")=0,"",_xlfn.MINIFS(funnel_events_sample!$C$2:$C$543,funnel_events_sample!$A$2:$A$543,$A9,funnel_events_sample!$B$2:$B$543,"signup_started")) -> 46223.173 | D9: =IF(COUNTIFS(funnel_events_sample!$A$2:$A$543,$A9,funnel_events_sample!$B$2:$B$543,"details_filled")=0,"",_xlfn.MINIFS(funnel_events_sample!$C$2:$C$543,funnel_events_sample!$A$2:$A$543,$A9,funnel_events_sample!$B$2:$B$543,"details_filled")) -> 46223.172 | E9: =IF(COUNTIFS(funnel_events_sample!$A$2:$A$543,$A9,funnel_events_sample!$B$2:$B$543,"email_verified")=0,"",_xlfn.MINIFS(funnel_events_sample!$C$2:$C$543,funnel_events_sample!$A$2:$A$543,$A9,funnel_events_sample!$B$2:$B$543,"email_verified")) | F9: =IF(COUNTIFS(funnel_events_sample!$A$2:$A$543,$A9,funnel_events_sample!$B$2:$B$543,"purchase_completed")=0,"",_xlfn.MINIFS(funnel_events_sample!$C$2:$C$543,funnel_events_sample!$A$2:$A$543,$A9,funnel_events_sample!$B$2:$B$543,"purchase_completed")) | G9: =IF(OR(B9="",C9="",C9<B9),"",C9-B9) -> 0.01875 | H9: =IF(OR(C9="",D9="",D9<C9),"",D9-C9) | I9: =IF(OR(D9="",E9="",E9<D9),"",E9-D9) | J9: =IF(OR(E9="",F9="",F9<E9),"",F9-E9)
A10: U009 | B10: =IF(COUNTIFS(funnel_events_sample!$A$2:$A$543,$A10,funnel_events_sample!$B$2:$B$543,"visited_site")=0,"",_xlfn.MINIFS(funnel_events_sample!$C$2:$C$543,funnel_events_sample!$A$2:$A$543,$A10,funnel_events_sample!$B$2:$B$543,"visited_site")) -> 46223.166 | C10: =IF(COUNTIFS(funnel_events_sample!$A$2:$A$543,$A10,funnel_events_sample!$B$2:$B$543,"signup_started")=0,"",_xlfn.MINIFS(funnel_events_sample!$C$2:$C$543,funnel_events_sample!$A$2:$A$543,$A10,funnel_events_sample!$B$2:$B$543,"signup_started")) -> 46223.172 | D10: =IF(COUNTIFS(funnel_events_sample!$A$2:$A$543,$A10,funnel_events_sample!$B$2:$B$543,"details_filled")=0,"",_xlfn.MINIFS(funnel_events_sample!$C$2:$C$543,funnel_events_sample!$A$2:$A$543,$A10,funnel_events_sample!$B$2:$B$543,"details_filled")) -> 46223.172 | E10: =IF(COUNTIFS(funnel_events_sample!$A$2:$A$543,$A10,funnel_events_sample!$B$2:$B$543,"email_verified")=0,"",_xlfn.MINIFS(funnel_events_sample!$C$2:$C$543,funnel_events_sample!$A$2:$A$543,$A10,funnel_events_sample!$B$2:$B$543,"email_verified")) | F10: =IF(COUNTIFS(funnel_events_sample!$A$2:$A$543,$A10,funnel_events_sample!$B$2:$B$543,"purchase_completed")=0,"",_xlfn.MINIFS(funnel_events_sample!$C$2:$C$543,funnel_events_sample!$A$2:$A$543,$A10,funnel_events_sample!$B$2:$B$543,"purchase_completed")) | G10: =IF(OR(B10="",C10="",C10<B10),"",C10-B10) -> 0.0055555556 | H10: =IF(OR(C10="",D10="",D10<C10),"",D10-C10) -> 0.00069444445 | I10: =IF(OR(D10="",E10="",E10<D10),"",E10-D10) | J10: =IF(OR(E10="",F10="",F10<E10),"",F10-E10)
A11: U010 | B11: =IF(COUNTIFS(funnel_events_sample!$A$2:$A$543,$A11,funnel_events_sample!$B$2:$B$543,"visited_site")=0,"",_xlfn.MINIFS(funnel_events_sample!$C$2:$C$543,funnel_events_sample!$A$2:$A$543,$A11,funnel_events_sample!$B$2:$B$543,"visited_site")) -> 46223.16 | C11: =IF(COUNTIFS(funnel_events_sample!$A$2:$A$543,$A11,funnel_events_sample!$B$2:$B$543,"signup_started")=0,"",_xlfn.MINIFS(funnel_events_sample!$C$2:$C$543,funnel_events_sample!$A$2:$A$543,$A11,funnel_events_sample!$B$2:$B$543,"signup_started")) -> 46223.17 | D11: =IF(COUNTIFS(funnel_events_sample!$A$2:$A$543,$A11,funnel_events_sample!$B$2:$B$543,"details_filled")=0,"",_xlfn.MINIFS(funnel_events_sample!$C$2:$C$543,funnel_events_sample!$A$2:$A$543,$A11,funnel_events_sample!$B$2:$B$543,"details_filled")) -> 46223.177 | E11: =IF(COUNTIFS(funnel_events_sample!$A$2:$A$543,$A11,funnel_events_sample!$B$2:$B$543,"email_verified")=0,"",_xlfn.MINIFS(funnel_events_sample!$C$2:$C$543,funnel_events_sample!$A$2:$A$543,$A11,funnel_events_sample!$B$2:$B$543,"email_verified")) | F11: =IF(COUNTIFS(funnel_events_sample!$A$2:$A$543,$A11,funnel_events_sample!$B$2:$B$543,"purchase_completed")=0,"",_xlfn.MINIFS(funnel_events_sample!$C$2:$C$543,funnel_events_sample!$A$2:$A$543,$A11,funnel_events_sample!$B$2:$B$543,"purchase_completed")) | G11: =IF(OR(B11="",C11="",C11<B11),"",C11-B11) -> 0.0097222222 | H11: =IF(OR(C11="",D11="",D11<C11),"",D11-C11) -> 0.0069444444 | I11: =IF(OR(D11="",E11="",E11<D11),"",E11-D11) | J11: =IF(OR(E11="",F11="",F11<E11),"",F11-E11)
A12: U011 | B12: =IF(COUNTIFS(funnel_events_sample!$A$2:$A$543,$A12,funnel_events_sample!$B$2:$B$543,"visited_site")=0,"",_xlfn.MINIFS(funnel_events_sample!$C$2:$C$543,funnel_events_sample!$A$2:$A$543,$A12,funnel_events_sample!$B$2:$B$543,"visited_site")) -> 46223.147 | C12: =IF(COUNTIFS(funnel_events_sample!$A$2:$A$543,$A12,funnel_events_sample!$B$2:$B$543,"signup_started")=0,"",_xlfn.MINIFS(funnel_events_sample!$C$2:$C$543,funnel_events_sample!$A$2:$A$543,$A12,funnel_events_sample!$B$2:$B$543,"signup_started")) -> 46223.178 | D12: =IF(COUNTIFS(funnel_events_sample!$A$2:$A$543,$A12,funnel_events_sample!$B$2:$B$543,"details_filled")=0,"",_xlfn.MINIFS(funnel_events_sample!$C$2:$C$543,funnel_events_sample!$A$2:$A$543,$A12,funnel_events_sample!$B$2:$B$543,"details_filled")) -> 46223.189 | E12: =IF(COUNTIFS(funnel_events_sample!$A$2:$A$543,$A12,funnel_events_sample!$B$2:$B$543,"email_verified")=0,"",_xlfn.MINIFS(funnel_events_sample!$C$2:$C$543,funnel_events_sample!$A$2:$A$543,$A12,funnel_events_sample!$B$2:$B$543,"email_verified")) | F12: =IF(COUNTIFS(funnel_events_sample!$A$2:$A$543,$A12,funnel_events_sample!$B$2:$B$543,"purchase_completed")=0,"",_xlfn.MINIFS(funnel_events_sample!$C$2:$C$543,funnel_events_sample!$A$2:$A$543,$A12,funnel_events_sample!$B$2:$B$543,"purchase_completed")) | G12: =IF(OR(B12="",C12="",C12<B12),"",C12-B12) -> 0.030555556 | H12: =IF(OR(C12="",D12="",D12<C12),"",D12-C12) -> 0.011111111 | I12: =IF(OR(D12="",E12="",E12<D12),"",E12-D12) | J12: =IF(OR(E12="",F12="",F12<E12),"",F12-E12)
A13: U012 | B13: =IF(COUNTIFS(funnel_events_sample!$A$2:$A$543,$A13,funnel_events_sample!$B$2:$B$543,"visited_site")=0,"",_xlfn.MINIFS(funnel_events_sample!$C$2:$C$543,funnel_events_sample!$A$2:$A$543,$A13,funnel_events_sample!$B$2:$B$543,"visited_site")) -> 46223.168 | C13: =IF(COUNTIFS(funnel_events_sample!$A$2:$A$543,$A13,funnel_events_sample!$B$2:$B$543,"signup_started")=0,"",_xlfn.MINIFS(funnel_events_sample!$C$2:$C$543,funnel_events_sample!$A$2:$A$543,$A13,funnel_events_sample!$B$2:$B$543,"signup_started")) -> 46223.161 | D13: =IF(COUNTIFS(funnel_events_sample!$A$2:$A$543,$A13,funnel_events_sample!$B$2:$B$543,"details_filled")=0,"",_xlfn.MINIFS(funnel_events_sample!$C$2:$C$543,funnel_events_sample!$A$2:$A$543,$A13,funnel_events_sample!$B$2:$B$543,"details_filled")) -> 46223.173 | E13: =IF(COUNTIFS(funnel_events_sample!$A$2:$A$543,$A13,funnel_events_sample!$B$2:$B$543,"email_verified")=0,"",_xlfn.MINIFS(funnel_events_sample!$C$2:$C$543,funnel_events_sample!$A$2:$A$543,$A13,funnel_events_sample!$B$2:$B$543,"email_verified")) | F13: =IF(COUNTIFS(funnel_events_sample!$A$2:$A$543,$A13,funnel_events_sample!$B$2:$B$543,"purchase_completed")=0,"",_xlfn.MINIFS(funnel_events_sample!$C$2:$C$543,funnel_events_sample!$A$2:$A$543,$A13,funnel_events_sample!$B$2:$B$543,"purchase_completed")) | G13: =IF(OR(B13="",C13="",C13<B13),"",C13-B13) | H13: =IF(OR(C13="",D13="",D13<C13),"",D13-C13) -> 0.011805556 | I13: =IF(OR(D13="",E13="",E13<D13),"",E13-D13) | J13: =IF(OR(E13="",F13="",F13<E13),"",F13-E13)
A14: U013 | B14: =IF(COUNTIFS(funnel_events_sample!$A$2:$A$543,$A14,funnel_events_sample!$B$2:$B$543,"visited_site")=0,"",_xlfn.MINIFS(funnel_events_sample!$C$2:$C$543,funnel_events_sample!$A$2:$A$543,$A14,funnel_events_sample!$B$2:$B$543,"visited_site")) -> 46223.149 | C14: =IF(COUNTIFS(funnel_events_sample!$A$2:$A$543,$A14,funnel_events_sample!$B$2:$B$543,"signup_started")=0,"",_xlfn.MINIFS(funnel_events_sample!$C$2:$C$543,funnel_events_sample!$A$2:$A$543,$A14,funnel_events_sample!$B$2:$B$543,"signup_started")) -> 46223.167 | D14: =IF(COUNTIFS(funnel_events_sample!$A$2:$A$543,$A14,funnel_events_sample!$B$2:$B$543,"details_filled")=0,"",_xlfn.MINIFS(funnel_events_sample!$C$2:$C$543,funnel_events_sample!$A$2:$A$543,$A14,funnel_events_sample!$B$2:$B$543,"details_filled")) -> 46223.182 | E14: =IF(COUNTIFS(funnel_events_sample!$A$2:$A$543,$A14,funnel_events_sample!$B$2:$B$543,"email_verified")=0,"",_xlfn.MINIFS(funnel_events_sample!$C$2:$C$543,funnel_events_sample!$A$2:$A$543,$A14,funnel_events_sample!$B$2:$B$543,"email_verified")) | F14: =IF(COUNTIFS(funnel_events_sample!$A$2:$A$543,$A14,funnel_events_sample!$B$2:$B$543,"purchase_completed")=0,"",_xlfn.MINIFS(funnel_events_sample!$C$2:$C$543,funnel_events_sample!$A$2:$A$543,$A14,funnel_events_sample!$B$2:$B$543,"purchase_completed")) | G14: =IF(OR(B14="",C14="",C14<B14),"",C14-B14) -> 0.018055556 | H14: =IF(OR(C14="",D14="",D14<C14),"",D14-C14) -> 0.015277778 | I14: =IF(OR(D14="",E14="",E14<D14),"",E14-D14) | J14: =IF(OR(E14="",F14="",F14<E14),"",F14-E14)
A15: U014 | B15: =IF(COUNTIFS(funnel_events_sample!$A$2:$A$543,$A15,funnel_events_sample!$B$2:$B$543,"visited_site")=0,"",_xlfn.MINIFS(funnel_events_sample!$C$2:$C$543,funnel_events_sample!$A$2:$A$543,$A15,funnel_events_sample!$B$2:$B$543,"visited_site")) -> 46223.157 | C15: =IF(COUNTIFS(funnel_events_sample!$A$2:$A$543,$A15,funnel_events_sample!$B$2:$B$543,"signup_started")=0,"",_xlfn.MINIFS(funnel_events_sample!$C$2:$C$543,funnel_events_sample!$A$2:$A$543,$A15,funnel_events_sample!$B$2:$B$543,"signup_started")) -> 46223.172 | D15: =IF(COUNTIFS(funnel_events_sample!$A$2:$A$543,$A15,funnel_events_sample!$B$2:$B$543,"details_filled")=0,"",_xlfn.MINIFS(funnel_events_sample!$C$2:$C$543,funnel_events_sample!$A$2:$A$543,$A15,funnel_events_sample!$B$2:$B$543,"details_filled")) -> 46223.175 | E15: =IF(COUNTIFS(funnel_events_sample!$A$2:$A$543,$A15,funnel_events_sample!$B$2:$B$543,"email_verified")=0,"",_xlfn.MINIFS(funnel_events_sample!$C$2:$C$543,funnel_events_sample!$A$2:$A$543,$A15,funnel_events_sample!$B$2:$B$543,"email_verified")) | F15: =IF(COUNTIFS(funnel_events_sample!$A$2:$A$543,$A15,funnel_events_sample!$B$2:$B$543,"purchase_completed")=0,"",_xlfn.MINIFS(funnel_events_sample!$C$2:$C$543,funnel_events_sample!$A$2:$A$543,$A15,funnel_events_sample!$B$2:$B$543,"purchase_completed")) | G15: =IF(OR(B15="",C15="",C15<B15),"",C15-B15) -> 0.015277778 | H15: =IF(OR(C15="",D15="",D15<C15),"",D15-C15) -> 0.0027777778 | I15: =IF(OR(D15="",E15="",E15<D15),"",E15-D15) | J15: =IF(OR(E15="",F15="",F15<E15),"",F15-E15)
A16: U015 | B16: =IF(COUNTIFS(funnel_events_sample!$A$2:$A$543,$A16,funnel_events_sample!$B$2:$B$543,"visited_site")=0,"",_xlfn.MINIFS(funnel_events_sample!$C$2:$C$543,funnel_events_sample!$A$2:$A$543,$A16,funnel_events_sample!$B$2:$B$543,"visited_site")) -> 46223.165 | C16: =IF(COUNTIFS(funnel_events_sample!$A$2:$A$543,$A16,funnel_events_sample!$B$2:$B$543,"signup_started")=0,"",_xlfn.MINIFS(funnel_events_sample!$C$2:$C$543,funnel_events_sample!$A$2:$A$543,$A16,funnel_events_sample!$B$2:$B$543,"signup_started")) -> 46223.18 | D16: =IF(COUNTIFS(funnel_events_sample!$A$2:$A$543,$A16,funnel_events_sample!$B$2:$B$543,"details_filled")=0,"",_xlfn.MINIFS(funnel_events_sample!$C$2:$C$543,funnel_events_sample!$A$2:$A$543,$A16,funnel_events_sample!$B$2:$B$543,"details_filled")) -> 46223.172 | E16: =IF(COUNTIFS(funnel_events_sample!$A$2:$A$543,$A16,funnel_events_sample!$B$2:$B$543,"email_verified")=0,"",_xlfn.MINIFS(funnel_events_sample!$C$2:$C$543,funnel_events_sample!$A$2:$A$543,$A16,funnel_events_sample!$B$2:$B$543,"email_verified")) | F16: =IF(COUNTIFS(funnel_events_sample!$A$2:$A$543,$A16,funnel_events_sample!$B$2:$B$543,"purchase_completed")=0,"",_xlfn.MINIFS(funnel_events_sample!$C$2:$C$543,funnel_events_sample!$A$2:$A$543,$A16,funnel_events_sample!$B$2:$B$543,"purchase_completed")) | G16: =IF(OR(B16="",C16="",C16<B16),"",C16-B16) -> 0.014583333 | H16: =IF(OR(C16="",D16="",D16<C16),"",D16-C16) | I16: =IF(OR(D16="",E16="",E16<D16),"",E16-D16) | J16: =IF(OR(E16="",F16="",F16<E16),"",F16-E16)
A17: U016 | B17: =IF(COUNTIFS(funnel_events_sample!$A$2:$A$543,$A17,funnel_events_sample!$B$2:$B$543,"visited_site")=0,"",_xlfn.MINIFS(funnel_events_sample!$C$2:$C$543,funnel_events_sample!$A$2:$A$543,$A17,funnel_events_sample!$B$2:$B$543,"visited_site")) -> 46223.161 | C17: =IF(COUNTIFS(funnel_events_sample!$A$2:$A$543,$A17,funnel_events_sample!$B$2:$B$543,"signup_started")=0,"",_xlfn.MINIFS(funnel_events_sample!$C$2:$C$543,funnel_events_sample!$A$2:$A$543,$A17,funnel_events_sample!$B$2:$B$543,"signup_started")) -> 46223.178 | D17: =IF(COUNTIFS(funnel_events_sample!$A$2:$A$543,$A17,funnel_events_sample!$B$2:$B$543,"details_filled")=0,"",_xlfn.MINIFS(funnel_events_sample!$C$2:$C$543,funnel_events_sample!$A$2:$A$543,$A17,funnel_events_sample!$B$2:$B$543,"details_filled")) -> 46223.176 | E17: =IF(COUNTIFS(funnel_events_sample!$A$2:$A$543,$A17,funnel_events_sample!$B$2:$B$543,"email_verified")=0,"",_xlfn.MINIFS(funnel_events_sample!$C$2:$C$543,funnel_events_sample!$A$2:$A$543,$A17,funnel_events_sample!$B$2:$B$543,"email_verified")) | F17: =IF(COUNTIFS(funnel_events_sample!$A$2:$A$543,$A17,funnel_events_sample!$B$2:$B$543,"purchase_completed")=0,"",_xlfn.MINIFS(funnel_events_sample!$C$2:$C$543,funnel_events_sample!$A$2:$A$543,$A17,funnel_events_sample!$B$2:$B$543,"purchase_completed")) | G17: =IF(OR(B17="",C17="",C17<B17),"",C17-B17) -> 0.017361111 | H17: =IF(OR(C17="",D17="",D17<C17),"",D17-C17) | I17: =IF(OR(D17="",E17="",E17<D17),"",E17-D17) | J17: =IF(OR(E17="",F17="",F17<E17),"",F17-E17)
... A201: U200 | B201: =IF(COUNTIFS(funnel_events_sample!$A$2:$A$543,$A201,funnel_events_sample!$B$2:$B$543,"visited_site")=0,"",_xlfn.MINIFS(funnel_events_sample!$C$2:$C$543,funnel_events_sample!$A$2:$A$543,$A201,funnel_events_sample!$B$2:$B$543,"visited_site")) -> 46223.15 | C201: =IF(COUNTIFS(funnel_events_sample!$A$2:$A$543,$A201,funnel_events_sample!$B$2:$B$543,"signup_started")=0,"",_xlfn.MINIFS(funnel_events_sample!$C$2:$C$543,funnel_events_sample!$A$2:$A$543,$A201,funnel_events_sample!$B$2:$B$543,"signup_started")) | D201: =IF(COUNTIFS(funnel_events_sample!$A$2:$A$543,$A201,funnel_events_sample!$B$2:$B$543,"details_filled")=0,"",_xlfn.MINIFS(funnel_events_sample!$C$2:$C$543,funnel_events_sample!$A$2:$A$543,$A201,funnel_events_sample!$B$2:$B$543,"details_filled")) -> 46223.182 | E201: =IF(COUNTIFS(funnel_events_sample!$A$2:$A$543,$A201,funnel_events_sample!$B$2:$B$543,"email_verified")=0,"",_xlfn.MINIFS(funnel_events_sample!$C$2:$C$543,funnel_events_sample!$A$2:$A$543,$A201,funnel_events_sample!$B$2:$B$543,"email_verified")) | F201: =IF(COUNTIFS(funnel_events_sample!$A$2:$A$543,$A201,funnel_events_sample!$B$2:$B$543,"purchase_completed")=0,"",_xlfn.MINIFS(funnel_events_sample!$C$2:$C$543,funnel_events_sample!$A$2:$A$543,$A201,funnel_events_sample!$B$2:$B$543,"purchase_completed")) | G201: =IF(OR(B201="",C201="",C201<B201),"",C201-B201) | H201: =IF(OR(C201="",D201="",D201<C201),"",D201-C201) | I201: =IF(OR(D201="",E201="",E201<D201),"",E201-D201) | J201: =IF(OR(E201="",F201="",F201<E201),"",F201-E201)
C202: =IF(COUNTIFS(funnel_events_sample!$A$2:$A$543,$A202,funnel_events_sample!$B$2:$B$543,"signup_started")=0,"",_xlfn.MINIFS(funnel_events_sample!$C$2:$C$543,funnel_events_sample!$A$2:$A$543,$A202,funnel_events_sample!$B$2:$B$543,"signup_started")) | D202: =IF(COUNTIFS(funnel_events_sample!$A$2:$A$543,$A202,funnel_events_sample!$B$2:$B$543,"details_filled")=0,"",_xlfn.MINIFS(funnel_events_sample!$C$2:$C$543,funnel_events_sample!$A$2:$A$543,$A202,funnel_events_sample!$B$2:$B$543,"details_filled")) | E202: =IF(COUNTIFS(funnel_events_sample!$A$2:$A$543,$A202,funnel_events_sample!$B$2:$B$543,"email_verified")=0,"",_xlfn.MINIFS(funnel_events_sample!$C$2:$C$543,funnel_events_sample!$A$2:$A$543,$A202,funnel_events_sample!$B$2:$B$543,"email_verified")) | F202: =IF(COUNTIFS(funnel_events_sample!$A$2:$A$543,$A202,funnel_events_sample!$B$2:$B$543,"purchase_completed")=0,"",_xlfn.MINIFS(funnel_events_sample!$C$2:$C$543,funnel_events_sample!$A$2:$A$543,$A202,funnel_events_sample!$B$2:$B$543,"purchase_completed")) | G202: =IF(OR(B202="",C202="",C202<B202),"",C202-B202) | H202: =IF(OR(C202="",D202="",D202<C202),"",D202-C202) | I202: =IF(OR(D202="",E202="",E202<D202),"",E202-D202) | J202: =IF(OR(E202="",F202="",F202<E202),"",F202-E202)
C203: =IF(COUNTIFS(funnel_events_sample!$A$2:$A$543,$A203,funnel_events_sample!$B$2:$B$543,"signup_started")=0,"",_xlfn.MINIFS(funnel_events_sample!$C$2:$C$543,funnel_events_sample!$A$2:$A$543,$A203,funnel_events_sample!$B$2:$B$543,"signup_started")) | D203: =IF(COUNTIFS(funnel_events_sample!$A$2:$A$543,$A203,funnel_events_sample!$B$2:$B$543,"details_filled")=0,"",_xlfn.MINIFS(funnel_events_sample!$C$2:$C$543,funnel_events_sample!$A$2:$A$543,$A203,funnel_events_sample!$B$2:$B$543,"details_filled")) | E203: =IF(COUNTIFS(funnel_events_sample!$A$2:$A$543,$A203,funnel_events_sample!$B$2:$B$543,"email_verified")=0,"",_xlfn.MINIFS(funnel_events_sample!$C$2:$C$543,funnel_events_sample!$A$2:$A$543,$A203,funnel_events_sample!$B$2:$B$543,"email_verified")) | F203: =IF(COUNTIFS(funnel_events_sample!$A$2:$A$543,$A203,funnel_events_sample!$B$2:$B$543,"purchase_completed")=0,"",_xlfn.MINIFS(funnel_events_sample!$C$2:$C$543,funnel_events_sample!$A$2:$A$543,$A203,funnel_events_sample!$B$2:$B$543,"purchase_completed")) | G203: =IF(OR(B203="",C203="",C203<B203),"",C203-B203) | H203: =IF(OR(C203="",D203="",D203<C203),"",D203-C203) | I203: =IF(OR(D203="",E203="",E203<D203),"",E203-D203) | J203: =IF(OR(E203="",F203="",F203<E203),"",F203-E203)
F204: =IF(COUNTIFS(funnel_events_sample!$A$2:$A$543,$A204,funnel_events_sample!$B$2:$B$543,"purchase_completed")=0,"",_xlfn.MINIFS(funnel_events_sample!$C$2:$C$543,funnel_events_sample!$A$2:$A$543,$A204,funnel_events_sample!$B$2:$B$543,"purchase_completed")) | G204: =IF(OR(B204="",C204="",C204<B204),"",C204-B204) | H204: =IF(OR(C204="",D204="",D204<C204),"",D204-C204) | I204: =IF(OR(D204="",E204="",E204<D204),"",E204-D204) | J204: =IF(OR(E204="",F204="",F204<E204),"",F204-E204)
F205: =IF(COUNTIFS(funnel_events_sample!$A$2:$A$543,$A205,funnel_events_sample!$B$2:$B$543,"purchase_completed")=0,"",_xlfn.MINIFS(funnel_events_sample!$C$2:$C$543,funnel_events_sample!$A$2:$A$543,$A205,funnel_events_sample!$B$2:$B$543,"purchase_completed")) | G205: =IF(OR(B205="",C205="",C205<B205),"",C205-B205) | H205: =IF(OR(C205="",D205="",D205<C205),"",D205-C205) | I205: =IF(OR(D205="",E205="",E205<D205),"",E205-D205) | J205: =IF(OR(E205="",F205="",F205<E205),"",F205-E205)
F206: =IF(COUNTIFS(funnel_events_sample!$A$2:$A$543,$A206,funnel_events_sample!$B$2:$B$543,"purchase_completed")=0,"",_xlfn.MINIFS(funnel_events_sample!$C$2:$C$543,funnel_events_sample!$A$2:$A$543,$A206,funnel_events_sample!$B$2:$B$543,"purchase_completed")) | G206: =IF(OR(B206="",C206="",C206<B206),"",C206-B206) | H206: =IF(OR(C206="",D206="",D206<C206),"",D206-C206) | I206: =IF(OR(D206="",E206="",E206<D206),"",E206-D206) | J206: =IF(OR(E206="",F206="",F206<E206),"",F206-E206)
F207: =IF(COUNTIFS(funnel_events_sample!$A$2:$A$543,$A207,funnel_events_sample!$B$2:$B$543,"purchase_completed")=0,"",_xlfn.MINIFS(funnel_events_sample!$C$2:$C$543,funnel_events_sample!$A$2:$A$543,$A207,funnel_events_sample!$B$2:$B$543,"purchase_completed")) | G207: =IF(OR(B207="",C207="",C207<B207),"",C207-B207) | H207: =IF(OR(C207="",D207="",D207<C207),"",D207-C207) | I207: =IF(OR(D207="",E207="",E207<D207),"",E207-D207) | J207: =IF(OR(E207="",F207="",F207<E207),"",F207-E207)
F208: =IF(COUNTIFS(funnel_events_sample!$A$2:$A$543,$A208,funnel_events_sample!$B$2:$B$543,"purchase_completed")=0,"",_xlfn.MINIFS(funnel_events_sample!$C$2:$C$543,funnel_events_sample!$A$2:$A$543,$A208,funnel_events_sample!$B$2:$B$543,"purchase_completed")) | G208: =IF(OR(B208="",C208="",C208<B208),"",C208-B208) | H208: =IF(OR(C208="",D208="",D208<C208),"",D208-C208) | I208: =IF(OR(D208="",E208="",E208<D208),"",E208-D208) | J208: =IF(OR(E208="",F208="",F208<E208),"",F208-E208)
F209: =IF(COUNTIFS(funnel_events_sample!$A$2:$A$543,$A209,funnel_events_sample!$B$2:$B$543,"purchase_completed")=0,"",_xlfn.MINIFS(funnel_events_sample!$C$2:$C$543,funnel_events_sample!$A$2:$A$543,$A209,funnel_events_sample!$B$2:$B$543,"purchase_completed")) | G209: =IF(OR(B209="",C209="",C209<B209),"",C209-B209) | H209: =IF(OR(C209="",D209="",D209<C209),"",D209-C209) | I209: =IF(OR(D209="",E209="",E209<D209),"",E209-D209) | J209: =IF(OR(E209="",F209="",F209<E209),"",F209-E209)
F210: =IF(COUNTIFS(funnel_events_sample!$A$2:$A$543,$A210,funnel_events_sample!$B$2:$B$543,"purchase_completed")=0,"",_xlfn.MINIFS(funnel_events_sample!$C$2:$C$543,funnel_events_sample!$A$2:$A$543,$A210,funnel_events_sample!$B$2:$B$543,"purchase_completed")) | G210: =IF(OR(B210="",C210="",C210<B210),"",C210-B210) | H210: =IF(OR(C210="",D210="",D210<C210),"",D210-C210) | I210: =IF(OR(D210="",E210="",E210<D210),"",E210-D210) | J210: =IF(OR(E210="",F210="",F210<E210),"",F210-E210)
F211: =IF(COUNTIFS(funnel_events_sample!$A$2:$A$543,$A211,funnel_events_sample!$B$2:$B$543,"purchase_completed")=0,"",_xlfn.MINIFS(funnel_events_sample!$C$2:$C$543,funnel_events_sample!$A$2:$A$543,$A211,funnel_events_sample!$B$2:$B$543,"purchase_completed")) | G211: =IF(OR(B211="",C211="",C211<B211),"",C211-B211) | H211: =IF(OR(C211="",D211="",D211<C211),"",D211-C211) | I211: =IF(OR(D211="",E211="",E211<D211),"",E211-D211) | J211: =IF(OR(E211="",F211="",F211<E211),"",F211-E211)
F212: =IF(COUNTIFS(funnel_events_sample!$A$2:$A$543,$A212,funnel_events_sample!$B$2:$B$543,"purchase_completed")=0,"",_xlfn.MINIFS(funnel_events_sample!$C$2:$C$543,funnel_events_sample!$A$2:$A$543,$A212,funnel_events_sample!$B$2:$B$543,"purchase_completed")) | G212: =IF(OR(B212="",C212="",C212<B212),"",C212-B212) | H212: =IF(OR(C212="",D212="",D212<C212),"",D212-C212) | I212: =IF(OR(D212="",E212="",E212<D212),"",E212-D212) | J212: =IF(OR(E212="",F212="",F212<E212),"",F212-E212)
F213: =IF(COUNTIFS(funnel_events_sample!$A$2:$A$543,$A213,funnel_events_sample!$B$2:$B$543,"purchase_completed")=0,"",_xlfn.MINIFS(funnel_events_sample!$C$2:$C$543,funnel_events_sample!$A$2:$A$543,$A213,funnel_events_sample!$B$2:$B$543,"purchase_completed")) | G213: =IF(OR(B213="",C213="",C213<B213),"",C213-B213) | H213: =IF(OR(C213="",D213="",D213<C213),"",D213-C213) | I213: =IF(OR(D213="",E213="",E213<D213),"",E213-D213) | J213: =IF(OR(E213="",F213="",F213<E213),"",F213-E213)
F214: =IF(COUNTIFS(funnel_events_sample!$A$2:$A$543,$A214,funnel_events_sample!$B$2:$B$543,"purchase_completed")=0,"",_xlfn.MINIFS(funnel_events_sample!$C$2:$C$543,funnel_events_sample!$A$2:$A$543,$A214,funnel_events_sample!$B$2:$B$543,"purchase_completed")) | G214: =IF(OR(B214="",C214="",C214<B214),"",C214-B214) | H214: =IF(OR(C214="",D214="",D214<C214),"",D214-C214) | I214: =IF(OR(D214="",E214="",E214<D214),"",E214-D214) | J214: =IF(OR(E214="",F214="",F214<E214),"",F214-E214)
F215: =IF(COUNTIFS(funnel_events_sample!$A$2:$A$543,$A215,funnel_events_sample!$B$2:$B$543,"purchase_completed")=0,"",_xlfn.MINIFS(funnel_events_sample!$C$2:$C$543,funnel_events_sample!$A$2:$A$543,$A215,funnel_events_sample!$B$2:$B$543,"purchase_completed")) | G215: =IF(OR(B215="",C215="",C215<B215),"",C215-B215) | H215: =IF(OR(C215="",D215="",D215<C215),"",D215-C215) | I215: =IF(OR(D215="",E215="",E215<D215),"",E215-D215) | J215: =IF(OR(E215="",F215="",F215<E215),"",F215-E215)

Sheet Sheet4
A3: Row Labels
A4: U001
A5: U002
A6: U003
A7: U004
A8: U005
A9: U006
A10: U007
A11: U008
A12: U009
A13: U010
A14: U011
... A204: Grand Total

Sheet funnel_events_sample
A1: user_id | B1: step | C1: timestamp
A2: U110 | B2: signup_started | C2: 46223.181
A3: U141 | B3: visited_site | C3: 46223.158
A4: U072 | B4: visited_site | C4: 46223.158
A5: U051 | B5: signup_started | C5: 46223.162
A6: U066 | B6: visited_site | C6: 46223.155
A7: U005 | B7: signup_started | C7: 46223.162
A8: U077 | B8: visited_site | C8: 46223.167
A9: U185 | B9: visited_site | C9: 46223.148
A10: U071 | B10: visited_site | C10: 46223.165
A11: U014 | B11: signup_started | C11: 46223.172
A12: U052 | B12: signup_started | C12: 46223.169
A13: U041 | B13: visited_site | C13: 46223.161
... A543: U133 | B543: purchase_completed | C543: 46223.203
